Timestamp,Temperature,Humidity,Prediksi,Error,Aksi
2026-10-03 21:12:44,26.5,39.0,27.096038867203067,-0.5960388672030668,NYALAKAN_HUMIDIFIER
2026-10-03 21:12:54,26.5,39.0,27.096038867203067,-0.5960388672030668,NYALAKAN_HUMIDIFIER
2026-10-03 21:13:04,26.5,39.0,27.096038867203067,-0.5960388672030668,NYALAKAN_HUMIDIFIER
2026-10-03 21:13:14,26.5,39.0,27.096038867203067,-0.5960388672030668,NYALAKAN_HUMIDIFIER
2026-10-03 21:13:25,26.4,39.0,27.049484356766,-0.6494843567660027,NYALAKAN_HUMIDIFIER
2026-10-03 21:13:35,26.5,39.0,27.19652371349937,-0.6965237134993707,NYALAKAN_HUMIDIFIER
2026-10-03 21:13:45,26.5,39.0,27.096038867203067,-0.5960388672030668,NYALAKAN_HUMIDIFIER
2026-10-03 21:13:55,26.5,40.0,27.094595318036045,-0.5945953180360455,NORMAL
2026-10-03 21:14:06,26.6,40.0,27.21558844120491,-0.6155884412049097,NORMAL
2026-10-03 21:14:16,26.9,38.0,27.231027298695306,-0.33102729869530734,NYALAKAN_HUMIDIFIER
2026-10-03 21:14:26,26.9,38.0,27.122240236229278,-0.22224023622927902,NYALAKAN_HUMIDIFIER
2026-10-03 21:14:37,26.9,37.0,27.106824417023432,-0.20682441702343368,NYALAKAN_HUMIDIFIER
2026-10-03 21:14:47,26.9,37.0,27.07507939518133,-0.17507939518133142,NYALAKAN_HUMIDIFIER
2026-10-03 21:14:57,26.9,37.0,27.0761263356739,-0.1761263356739029,NYALAKAN_HUMIDIFIER
2026-10-03 21:15:07,26.8,37.0,27.026244187163346,-0.2262441871633456,NYALAKAN_HUMIDIFIER
2026-10-03 21:15:18,26.8,37.0,27.089770881422005,-0.2897708814220046,NYALAKAN_HUMIDIFIER
2026-10-03 21:15:28,26.7,37.0,27.045680074630315,-0.3456800746303159,NYALAKAN_HUMIDIFIER
2026-10-03 21:15:38,26.6,37.0,27.045680074630315,-0.4456800746303138,NYALAKAN_HUMIDIFIER
2026-10-03 21:15:49,26.6,38.0,27.073952114877265,-0.47395211487726385,NYALAKAN_HUMIDIFIER
2026-10-03 21:15:59,26.6,38.0,27.072014208131783,-0.47201420813178174,NYALAKAN_HUMIDIFIER
2026-10-03 21:16:09,26.6,38.0,27.07096726763921,-0.47096726763921026,NYALAKAN_HUMIDIFIER
2026-10-03 21:16:20,26.6,38.0,27.10939772469709,-0.509397724697088,NYALAKAN_HUMIDIFIER
2026-10-03 21:16:30,26.5,38.0,27.062843214260024,-0.5628432142600239,NYALAKAN_HUMIDIFIER
2026-10-03 21:16:40,26.5,38.0,27.107589164235968,-0.6075891642359679,NYALAKAN_HUMIDIFIER
2026-10-03 21:16:50,26.5,38.0,27.107589164235968,-0.6075891642359679,NYALAKAN_HUMIDIFIER
2026-10-03 21:17:01,26.5,38.0,27.107589164235968,-0.6075891642359679,NYALAKAN_HUMIDIFIER
2026-10-03 21:17:11,26.4,38.0,27.06103465379891,-0.6610346537989109,NYALAKAN_HUMIDIFIER
2026-10-03 21:17:21,26.4,38.0,27.107589164235968,-0.7075891642359693,NYALAKAN_HUMIDIFIER
2026-10-03 21:17:31,26.4,38.0,27.07731507248141,-0.677315072481413,NYALAKAN_HUMIDIFIER
2026-10-03 21:17:42,26.4,38.0,27.07731507248141,-0.677315072481413,NYALAKAN_HUMIDIFIER
2026-10-03 21:17:52,26.4,38.0,27.07731507248141,-0.677315072481413,NYALAKAN_HUMIDIFIER
2026-10-03 21:18:02,26.4,38.0,27.08284927011603,-0.68284927011603,NYALAKAN_HUMIDIFIER
2026-10-03 21:18:12,26.4,38.0,27.08284927011603,-0.68284927011603,NYALAKAN_HUMIDIFIER
2026-10-03 21:18:23,26.3,38.0,27.036294759678963,-0.7362947596789624,NYALAKAN_HUMIDIFIER
2026-10-03 21:18:33,26.3,38.0,27.08284927011603,-0.7828492701160279,NYALAKAN_HUMIDIFIER
2026-10-03 21:18:43,26.3,38.0,27.08284927011603,-0.7828492701160279,NYALAKAN_HUMIDIFIER
2026-10-03 21:18:54,26.4,38.0,27.179488923512174,-0.7794889235121758,NYALAKAN_HUMIDIFIER
