Timestamp;Humidity;Temperature
2026-10-03 20:18:59;44.0;33.3
2026-10-03 20:19:10;44.0;33.2
2026-10-03 20:19:20;45.0;33.1
2026-10-03 20:19:30;45.0;33.0
2026-10-03 20:19:41;45.0;32.9
2026-10-03 20:19:51;45.0;32.8
2026-10-03 20:20:01;45.0;32.8
2026-10-03 20:20:11;45.0;32.8
2026-10-03 20:20:22;45.0;32.7
2026-10-03 20:20:32;45.0;32.7
2026-10-03 20:20:42;45.0;32.8
2026-10-03 20:20:53;45.0;32.6
2026-10-03 20:21:03;45.0;32.7
2026-10-03 20:21:13;46.0;32.7
2026-10-03 20:21:23;46.0;32.6
2026-10-03 20:21:34;46.0;32.7
2026-10-03 20:21:44;45.0;32.7
2026-10-03 20:21:54;46.0;32.7
2026-10-03 20:22:04;46.0;32.7
2026-10-03 20:22:15;46.0;32.7
2026-10-03 20:22:25;46.0;32.7
2026-10-03 20:22:35;46.0;32.8
2026-10-03 20:22:46;46.0;32.8
2026-10-03 20:22:56;46.0;32.8
2026-10-03 20:23:06;46.0;32.8
2026-10-03 20:23:16;43.0;35.4
2026-10-03 20:23:27;37.0;37.5
2026-10-03 20:23:37;36.0;37.2
2026-10-03 20:23:47;37.0;36.8
2026-10-03 20:23:58;37.0;36.4
2026-10-03 20:24:08;38.0;36.1
2026-10-03 20:24:18;38.0;35.8
2026-10-03 20:24:28;38.0;35.6
2026-10-03 20:24:39;39.0;35.2
2026-10-03 20:24:49;40.0;35.0
2026-10-03 20:24:59;40.0;34.8
2026-10-03 20:25:10;41.0;34.6
2026-10-03 20:25:20;41.0;34.5
2026-10-03 20:25:30;41.0;34.4
2026-10-03 20:25:40;42.0;34.2
2026-10-03 20:25:51;42.0;34.1
2026-10-03 20:26:01;42.0;34.0
2026-10-03 20:26:11;43.0;33.9
2026-10-03 20:26:21;43.0;33.8
2026-10-03 20:26:32;43.0;33.8
2026-10-03 20:26:42;43.0;33.7
2026-10-03 20:26:52;44.0;33.6
2026-10-03 20:27:03;44.0;33.5
2026-10-03 20:27:13;44.0;33.5
2026-10-03 20:27:23;44.0;33.4
2026-10-03 20:27:33;39.0;37.0
2026-10-03 20:27:44;37.0;37.4
2026-10-03 20:27:54;36.0;37.1
2026-10-03 20:28:04;37.0;36.8
2026-10-03 20:28:15;37.0;36.4
2026-10-03 20:28:25;38.0;36.1
2026-10-03 20:28:35;37.0;35.8
2026-10-03 20:28:45;38.0;35.5
2026-10-03 20:28:56;39.0;35.2
2026-10-03 20:29:06;39.0;34.9
2026-10-03 20:29:16;40.0;34.7
2026-10-03 20:29:26;40.0;34.5
2026-10-03 20:29:37;41.0;34.4
2026-10-03 20:29:47;41.0;34.2
2026-10-03 20:29:57;42.0;34.1
2026-10-03 20:30:08;42.0;34.0
2026-10-03 20:30:18;43.0;33.8
2026-10-03 20:30:28;43.0;33.8
2026-10-03 20:30:39;43.0;33.6
2026-10-03 20:30:49;43.0;33.5
2026-10-03 20:30:59;44.0;33.5
2026-10-03 20:31:09;44.0;33.3
2026-10-03 20:31:20;44.0;33.3
2026-10-03 20:31:30;44.0;33.2
2026-10-03 20:31:40;45.0;33.2
2026-10-03 20:31:50;45.0;33.2
2026-10-03 20:32:01;45.0;33.1
2026-10-03 20:32:11;45.0;33.0
2026-10-03 20:32:21;45.0;33.0
2026-10-03 20:32:32;45.0;33.0
2026-10-03 20:32:42;45.0;32.9
2026-10-03 20:32:52;45.0;32.9
2026-10-03 20:33:02;45.0;32.8
2026-10-03 20:33:13;45.0;32.8
2026-10-03 20:33:23;45.0;32.8
2026-10-03 20:33:33;46.0;32.8
2026-10-03 20:33:43;46.0;32.8
2026-10-03 20:33:54;46.0;32.7
2026-10-03 20:34:04;46.0;32.7
2026-10-03 20:49:15;41.0;27.9
2026-10-03 20:49:25;43.0;27.7
2026-10-03 20:49:36;43.0;27.8
2026-10-03 20:49:46;43.0;27.8
2026-10-03 20:49:56;43.0;27.8
2026-10-03 20:50:07;43.0;27.8
2026-10-03 20:50:17;42.0;27.8
2026-10-03 20:50:27;42.0;27.8
2026-10-03 20:50:37;42.0;27.8
2026-10-03 20:50:48;42.0;27.9
2026-10-03 20:50:58;42.0;27.9
2026-10-03 20:51:08;42.0;27.9
2026-10-03 20:51:19;42.0;27.9
2026-10-03 20:51:29;42.0;27.9
2026-10-03 20:51:39;41.0;27.9
2026-10-03 20:51:49;41.0;27.8
2026-10-03 20:52:00;41.0;27.8
2026-10-03 20:52:10;41.0;27.8
2026-10-03 20:52:20;41.0;27.8
2026-10-03 20:52:31;41.0;27.8
2026-10-03 20:52:41;41.0;27.8
2026-10-03 20:52:51;41.0;27.8
2026-10-03 20:53:01;41.0;27.8
2026-10-03 20:53:12;41.0;27.7
2026-10-03 20:53:22;41.0;27.7
2026-10-03 20:53:32;41.0;27.7
2026-10-03 20:53:42;41.0;27.6
2026-10-03 20:53:53;41.0;27.6
2026-10-03 20:54:03;41.0;27.6
2026-10-03 20:54:13;41.0;27.6
2026-10-03 20:54:24;41.0;27.6
2026-10-03 20:54:34;41.0;27.6
2026-10-03 20:54:44;41.0;27.5
2026-10-03 20:54:54;41.0;27.5
2026-10-03 20:55:05;41.0;27.5
2026-10-03 20:55:15;41.0;27.5
2026-10-03 20:55:25;41.0;27.5
2026-10-03 20:55:36;41.0;27.5
2026-10-03 20:55:46;40.0;27.5
2026-10-03 20:55:56;40.0;27.5
2026-10-03 20:56:06;40.0;27.5
2026-10-03 20:56:17;40.0;27.5
2026-10-03 20:56:27;40.0;27.5
2026-10-03 20:56:37;40.0;27.4
2026-10-03 20:56:47;40.0;27.4
2026-10-03 20:56:58;40.0;27.4
2026-10-03 20:57:08;40.0;27.4
2026-10-03 20:57:18;40.0;27.4
2026-10-03 20:57:29;40.0;27.4
2026-10-03 20:57:39;40.0;27.4
2026-10-03 20:57:49;40.0;27.4
2026-10-03 20:57:59;40.0;27.4
2026-10-03 20:58:10;40.0;27.4
2026-10-03 20:58:20;40.0;27.4
2026-10-03 20:58:30;40.0;27.4
2026-10-03 20:58:41;40.0;27.4
2026-10-03 20:58:51;40.0;27.4
2026-10-03 20:59:01;40.0;27.4
2026-10-03 20:59:11;40.0;27.4
2026-10-03 20:59:22;40.0;27.4
2026-10-03 20:59:32;40.0;27.3
2026-10-03 20:59:42;40.0;27.3
2026-10-03 20:59:53;40.0;27.3
2026-10-03 21:00:03;40.0;27.3
2026-10-03 21:00:13;40.0;27.3
2026-10-03 21:00:23;40.0;27.3
2026-10-03 21:00:34;39.0;27.3
2026-10-03 21:00:44;39.0;27.3
2026-10-03 21:00:54;39.0;27.3
2026-10-03 21:01:05;39.0;27.3
2026-10-03 21:01:15;39.0;27.3
2026-10-03 21:01:25;39.0;27.3
2026-10-03 21:01:35;39.0;27.3
2026-10-03 21:01:46;39.0;27.2
2026-10-03 21:01:56;39.0;27.2
2026-10-03 21:02:06;39.0;27.2
2026-10-03 21:02:16;39.0;27.1
2026-10-03 21:02:27;39.0;27.2
2026-10-03 21:02:37;39.0;27.2
2026-10-03 21:02:47;39.0;27.1
2026-10-03 21:02:58;39.0;27.1
2026-10-03 21:03:08;39.0;27.1
2026-10-03 21:03:18;39.0;27.1
2026-10-03 21:03:28;39.0;27.1
2026-10-03 21:03:39;39.0;27.1
2026-10-03 21:03:49;39.0;27.1
2026-10-03 21:03:59;39.0;27.1
2026-10-03 21:04:10;39.0;27.1
2026-10-03 21:04:20;39.0;27.1
2026-10-03 21:04:30;39.0;27.0
2026-10-03 21:04:40;39.0;27.0
2026-10-03 21:04:51;40.0;27.0
2026-10-03 21:05:01;40.0;27.2
2026-10-03 21:05:11;39.0;27.3
2026-10-03 21:05:21;38.0;27.3
2026-10-03 21:05:32;38.0;27.3
2026-10-03 21:05:42;38.0;27.3
2026-10-03 21:05:52;38.0;27.1
2026-10-03 21:06:03;38.0;27.2
2026-10-03 21:06:13;38.0;27.1
2026-10-03 21:06:23;38.0;27.1
2026-10-03 21:06:33;38.0;27.0
2026-10-03 21:06:44;38.0;27.0
2026-10-03 21:06:54;38.0;26.9
2026-10-03 21:07:04;38.0;26.9
2026-10-03 21:07:15;39.0;26.9
2026-10-03 21:07:25;39.0;26.9
2026-10-03 21:07:35;39.0;26.8
2026-10-03 21:07:45;39.0;26.8
2026-10-03 21:07:56;39.0;26.8
2026-10-03 21:08:06;39.0;26.8
2026-10-03 21:08:16;39.0;26.8
2026-10-03 21:08:27;39.0;26.7
2026-10-03 21:08:37;39.0;26.7
2026-10-03 21:08:47;39.0;26.7
2026-10-03 21:08:57;39.0;26.7
2026-10-03 21:09:08;39.0;26.7
2026-10-03 21:09:18;39.0;26.7
2026-10-03 21:09:28;39.0;26.6
2026-10-03 21:09:38;39.0;26.6
2026-10-03 21:09:49;39.0;26.6
2026-10-03 21:09:59;39.0;26.6
2026-10-03 21:10:09;39.0;26.6
2026-10-03 21:10:20;39.0;26.6
2026-10-03 21:10:30;39.0;26.6
2026-10-03 21:10:40;39.0;26.6
2026-10-03 21:10:50;39.0;26.6
2026-10-03 21:11:01;39.0;26.6
2026-10-03 21:11:11;39.0;26.5
2026-10-03 21:11:21;39.0;26.5
2026-10-03 21:11:32;39.0;26.5
2026-10-03 21:11:42;39.0;26.5
2026-10-03 21:11:52;39.0;26.5
2026-10-03 21:12:02;39.0;26.5
2026-10-03 21:12:13;39.0;26.5
2026-10-03 21:12:23;39.0;26.5
2026-10-03 21:12:33;39.0;26.5
2026-10-03 21:12:44;39.0;26.5
2026-10-03 21:12:54;39.0;26.5
2026-10-03 21:13:04;39.0;26.5
2026-10-03 21:13:14;39.0;26.5
2026-10-03 21:13:25;39.0;26.4
2026-10-03 21:13:35;39.0;26.5
2026-10-03 21:13:45;39.0;26.5
2026-10-03 21:13:55;40.0;26.5
2026-10-03 21:14:06;40.0;26.6
2026-10-03 21:14:16;38.0;26.9
2026-10-03 21:14:26;38.0;26.9
2026-10-03 21:14:37;37.0;26.9
2026-10-03 21:14:47;37.0;26.9
2026-10-03 21:14:57;37.0;26.9
2026-10-03 21:15:07;37.0;26.8
2026-10-03 21:15:18;37.0;26.8
2026-10-03 21:15:28;37.0;26.7
2026-10-03 21:15:38;37.0;26.6
2026-10-03 21:15:49;38.0;26.6
2026-10-03 21:15:59;38.0;26.6
2026-10-03 21:16:09;38.0;26.6
2026-10-03 21:16:20;38.0;26.6
2026-10-03 21:16:30;38.0;26.5
2026-10-03 21:16:40;38.0;26.5
2026-10-03 21:16:50;38.0;26.5
2026-10-03 21:17:01;38.0;26.5
2026-10-03 21:17:11;38.0;26.4
2026-10-03 21:17:21;38.0;26.4
2026-10-03 21:17:31;38.0;26.4
2026-10-03 21:17:42;38.0;26.4
2026-10-03 21:17:52;38.0;26.4
2026-10-03 21:18:02;38.0;26.4
2026-10-03 21:18:12;38.0;26.4
2026-10-03 21:18:23;38.0;26.3
2026-10-03 21:18:33;38.0;26.3
2026-10-03 21:18:43;38.0;26.3
2026-10-03 21:18:54;38.0;26.4